{"auth-service_aws-cloud": {"mean": 0.03367665779423678, "std": 0.5917253582570077}, "auth-service_azure-cloud": {"mean": 0.036338386760791576, "std": 0.6433950159833836}, "auth-service_gcp-cloud": {"mean": 0.03656984145353547, "std": 0.6304800429057162}, "auth-service_on-prem": {"mean": 0.03541256798981599, "std": 0.6179382305178617}, "inventory-service_aws-cloud": {"mean": 0.036454114107163524, "std": 0.6347860672414898}, "inventory-service_azure-cloud": {"mean": 0.03714847818539521, "std": 0.6423585139739529}, "inventory-service_gcp-cloud": {"mean": 0.03622265941441963, "std": 0.6371651542185749}, "inventory-service_on-prem": {"mean": 0.033908112486980675, "std": 0.586801685362778}, "payment-service_aws-cloud": {"mean": 0.03807429695637079, "std": 0.660253314559443}, "payment-service_azure-cloud": {"mean": 0.03460247656521236, "std": 0.5994455250003456}, "payment-service_gcp-cloud": {"mean": 0.03923157042009027, "std": 0.684796916505211}, "payment-service_on-prem": {"mean": 0.03483393125795625, "std": 0.598272492524518}, "user-service_aws-cloud": {"mean": 0.03853720634185858, "std": 0.6706622547803446}, "user-service_azure-cloud": {"mean": 0.035296840643444044, "std": 0.6200950554003116}, "user-service_gcp-cloud": {"mean": 0.035759750028931836, "std": 0.6300674417569596}, "user-service_on-prem": {"mean": 0.03656984145353547, "std": 0.640858431283258}}